query_id,run_number,error,error_flag,duration_seconds
1,1,,False,86.378691
1,2,,False,59.028804
1,3,,False,81.226766
2,1,,False,66.472048
2,2,,False,104.561809
2,3,,False,64.051206
3,1,,False,62.810935
3,2,,False,55.129509
3,3,,False,65.724186
4,1,,False,74.687206
4,2,,False,112.146108
4,3,,False,65.21743
5,1,,False,72.581591
5,2,,False,76.914539
5,3,,False,70.478274
6,1,,False,70.909894
6,2,,False,82.374642
6,3,,False,73.569376
7,1,,False,83.569941
7,2,,False,75.069676
7,3,,False,74.762691
8,1,,False,69.63627
8,2,,False,75.739638
8,3,,False,63.554166
9,1,,False,70.209558
9,2,,False,66.150153
9,3,,False,74.35608
10,1,,False,77.654087
10,2,,False,69.575486
10,3,,False,56.495707
11,1,,False,72.95868
11,2,,False,69.977143
11,3,,False,58.691952
12,1,,False,71.326141
12,2,,False,78.475087
12,3,,False,62.948157
13,1,,False,69.882903
13,2,,False,68.025549
13,3,,False,69.576998
14,1,,False,59.532706
14,2,,False,69.109448
14,3,,False,55.567273
15,1,,False,75.586644
15,2,,False,57.841245
15,3,,False,59.416446
16,1,,False,68.952493
16,2,,False,72.557892
16,3,,False,67.005868
17,1,,False,63.74872
17,2,,False,70.289548
17,3,,False,78.763883
18,1,,False,179.786395
18,2,,False,187.686201
18,3,,False,192.741937
19,1,,False,84.581637
19,2,,False,102.132033
19,3,,False,65.865036
20,1,,False,86.586009
20,2,,False,66.987715
20,3,,False,74.414269
21,1,,False,62.18149
21,2,,False,65.100835
21,3,,False,76.739645
22,1,,False,73.588119
22,2,,False,86.055842
22,3,,False,71.033274
23,1,,False,92.342331
23,2,,False,97.51333
23,3,,False,99.177051
24,1,,False,61.32377
24,2,,False,70.582958
24,3,,False,68.239957
25,1,,False,74.136093
25,2,,False,61.307007
25,3,,False,70.483019
26,1,,False,66.836339
26,2,,False,66.712607
26,3,,False,67.777729
27,1,,False,58.588718
27,2,,False,75.24405
27,3,,False,134.305601
28,1,,False,71.060289
28,2,,False,163.620441
28,3,,False,105.533124
29,1,,False,76.637489
29,2,,False,70.602986
29,3,,False,93.955225
30,1,,False,79.467708
30,2,,False,72.180099
30,3,,False,70.272682
31,1,,False,1477.197259
31,2,,False,908.284101
31,3,,False,902.724857
32,1,,False,88.214464
32,2,,False,85.688059
32,3,,False,149.109281
33,1,,False,64.499005
33,2,,False,73.875356
33,3,,False,71.04686
34,1,,False,78.546004
34,2,,False,66.718242
34,3,,False,77.239835
35,1,,False,134.630836
35,2,,False,72.153735
35,3,,False,74.916395
36,1,,False,76.820744
36,2,,False,74.539879
36,3,,False,66.676989
37,1,,False,70.734301
37,2,,False,77.826892
37,3,,False,94.469073
38,1,,False,75.798193
38,2,,False,60.5333
38,3,,False,82.723691
39,1,,False,80.918841
39,2,,False,66.492724
39,3,,False,79.113269
40,1,,False,62.030513
40,2,,False,75.691319
40,3,,False,72.856345
41,1,,False,64.644311
41,2,,False,72.092759
41,3,,False,94.623756
42,1,,False,84.324933
42,2,,False,74.887407
42,3,,False,70.56495
43,1,,False,918.44256
43,2,,False,1992.058771
43,3,,False,1605.383291
44,1,,False,101.831849
44,2,,False,100.101522
44,3,,False,110.077737
45,1,,False,90.213902
45,2,,False,102.648142
45,3,,False,114.303115
46,1,,False,105.866619
46,2,,False,109.596131
46,3,,False,102.855928
47,1,,False,90.48096
47,2,,False,87.950105
47,3,,False,92.34585
48,1,,False,73.769413
48,2,,False,69.145084
48,3,,False,80.16485
49,1,,False,70.421563
49,2,,False,61.017408
49,3,,False,82.656935
50,1,,False,72.629322
50,2,,False,59.263697
50,3,,False,66.437968
51,1,,False,91.11818
51,2,,False,91.6938
51,3,,False,93.28752
52,1,,False,85.895442
52,2,,False,86.647138
52,3,,False,70.007345
53,1,,False,89.180695
53,2,,False,87.410057
53,3,,False,77.443873
54,1,,False,81.343616
54,2,,False,82.862749
54,3,,False,86.50652
55,1,,False,128.587489
55,2,,False,75.818706
55,3,,False,75.974798
56,1,,False,95.878779
56,2,,False,77.343319
56,3,,False,100.755064
57,1,,False,1253.233476
57,2,,False,841.674585
57,3,,False,1235.004025
58,1,,False,114.51541
58,2,,False,104.10868
58,3,,False,101.321582
59,1,,False,78.259963
59,2,,False,75.055669
59,3,,False,194.650117
60,1,,False,89.213716
60,2,,False,87.54994
60,3,,False,103.492397
61,1,,False,96.176746
61,2,,False,80.430904
61,3,,False,69.723195
62,1,,False,259.237599
62,2,,False,666.784762
62,3,,False,139.636336
63,1,,False,106.165206
63,2,,False,136.280621
63,3,,False,79.094507
64,1,,False,92.502929
64,2,,False,109.127127
64,3,,False,81.195214
65,1,,False,74.72557
65,2,,False,93.619362
65,3,,False,98.027923
66,1,,False,95.459756
66,2,,False,112.362385
66,3,,False,79.818498
67,1,,False,84.750363
67,2,,False,69.328309
67,3,,False,77.235442
68,1,,False,126.380351
68,2,,False,80.247818
68,3,,False,80.53055
69,1,,False,102.5073
69,2,,False,119.515526
69,3,,False,128.738733
70,1,,False,241.715957
70,2,,False,77.76897
70,3,,False,100.444725
71,1,,False,72.005777
71,2,,False,75.224722
71,3,,False,75.064375
72,1,,False,83.163558
72,2,,False,98.010515
72,3,,False,87.043986
73,1,,False,74.076839
73,2,,False,77.848031
73,3,,False,129.079298
74,1,,False,69.960676
74,2,,False,62.403871
74,3,,False,75.165105
75,1,,False,82.817043
75,2,,False,77.495417
75,3,,False,77.599058
76,1,,False,108.222273
76,2,,False,85.854366
76,3,,False,89.668751
77,1,,False,58.530486
77,2,,False,69.799636
77,3,,False,76.904337
78,1,,False,147.324291
78,2,,False,131.591388
78,3,,False,142.142514
79,1,,False,86.607634
79,2,,False,70.262468
79,3,,False,87.101663
80,1,,False,126.624083
80,2,,False,110.472516
80,3,,False,65.021247
81,1,,False,66.106599
81,2,,False,98.279233
81,3,,False,62.991934
82,1,,False,68.550005
82,2,,False,99.521661
82,3,,False,64.700318
83,1,,False,84.795732
83,2,,False,131.778851
83,3,,False,74.230971
84,1,,False,64.159707
84,2,,False,68.70907
84,3,,False,65.252606
85,1,,False,200.554276
85,2,,False,818.622398
85,3,,False,1031.709384
86,1,,False,127.240579
86,2,,False,362.113632
86,3,,False,90.134293
87,1,,False,84.779674
87,2,,False,76.309197
87,3,,False,82.158964
88,1,,False,137.152577
88,2,,False,122.610889
88,3,,False,325.10472
89,1,,False,59.928469
89,2,,False,60.050279
89,3,,False,58.824294
90,1,,False,116.412481
90,2,,False,109.189159
90,3,,False,60.142851
91,1,,False,301.356803
91,2,,False,310.671174
91,3,,False,112.023023
92,1,,False,77.026814
92,2,,False,62.705466
92,3,,False,65.891671
93,1,,False,131.516076
93,2,,False,66.561297
93,3,,False,147.515558
94,1,,False,173.323114
94,2,,False,353.647491
94,3,,False,141.27522
95,1,,False,64.39163
95,2,,False,59.308856
95,3,,False,67.567204
96,1,,False,59.265932
96,2,,False,60.895317
96,3,,False,67.810716
97,1,,False,66.53285
97,2,,False,80.760602
97,3,,False,71.619476
98,1,,False,58.794646
98,2,,False,62.749901
98,3,,False,113.396159
99,1,,False,71.312542
99,2,,False,68.284093
99,3,,False,124.653028
100,1,,False,75.899697
100,2,,False,62.863981
100,3,,False,59.016066
101,1,,False,73.765351
101,2,,False,55.563009
101,3,,False,49.521003
102,1,,False,67.643388
102,2,,False,66.561676
102,3,,False,61.613839
103,1,,False,810.929139
103,2,,False,1091.352876
103,3,,False,1275.597253
104,1,,False,89.172852
104,2,,False,97.728383
104,3,,False,94.004664
105,1,,False,73.790603
105,2,,False,73.694935
105,3,,False,65.883397
106,1,,False,57.965139
106,2,,False,80.459979
106,3,,False,74.100231
107,1,,False,90.608235
107,2,,False,103.532682
107,3,,False,129.235857
108,1,,False,57.651857
108,2,,False,62.954971
108,3,,False,63.803483
109,1,,False,72.01251
109,2,,False,51.80595
109,3,,False,90.968377
110,1,,False,50.391555
110,2,,False,73.328476
110,3,,False,87.826745
111,1,,False,65.307277
111,2,,False,95.569594
111,3,,False,55.429409
112,1,,False,69.702267
112,2,,False,55.336918
112,3,,False,59.057146
113,1,,False,61.468386
113,2,,False,54.564619
113,3,,False,71.382427
114,1,,False,98.376211
114,2,,False,110.865625
114,3,,False,105.316282
115,1,,False,59.605837
115,2,,False,66.971313
115,3,,False,68.219259
116,1,,False,55.935885
116,2,,False,57.295489
116,3,,False,59.274548
117,1,,False,65.856564
117,2,,False,136.557025
117,3,,False,158.029452
118,1,,False,1071.66342
118,2,,False,1141.741834
118,3,,False,1121.522929
119,1,,False,78.975945
119,2,,False,65.300151
119,3,,False,82.464464
120,1,,False,83.955562
120,2,,False,59.568987
120,3,,False,64.679153
